questions,predicted_sources,true_sources,model_responses,expert_answers,score,explanation
What exactly was the security breach that occurred?,"[16, 3, 4]","[3, 4, 16]","The security breach that occurred at Equifax in 2017 involved a criminal attack on their systems that resulted in the theft of personally identifiable information of U.S., Canadian, and U.K. consumers. The unauthorized access took place from mid-May through July 2017 and primarily included names, Social Security numbers, birth dates, addresses, and in some cases, driver's license numbers. Additionally, credit card numbers for approximately 209,000 U.S. and Canadian consumers were accessed, along with dispute documents containing personal identifying information for about 182,000 U.S. consumers. The breach impacted approximately 19,000 Canadian consumers and around 860,000 potentially affected U.K. consumers were contacted regarding access to personal information. The breach did not involve the Company's core consumer, employment, and income, or commercial credit reporting databases. After the breach, Equifax promptly notified the affected consumers and took measures to enhance its data security infrastructure.

Additionally, Equifax is engaged in various lawsuits and governmental investigations as a result of the security breach. The company has taken steps to prevent similar incidents in the future and regain the trust of consumers, customers, and regulators. Measures taken include stopping the intrusion, conducting a comprehensive forensic investigation, enhancing data security infrastructure, improving disclosure controls and procedures, making strategic changes to executive leadership, providing new tools for consumers to protect credit data, and offering identity theft protection and credit monitoring services for affected consumers. Equifax also introduced Lock & AlertTM, a service that allows U.S. consumers to lock and unlock their Equifax credit report for free, for life.",Criminals used a web application vulnerability to gain access to sensitive Equifax customer data. This resulted in the disclosure of personally identifiable information belonging to 145.5 million U.S. customers.,60,"The model answer includes a considerable amount of relevant information, such as the details of the personally identifiable information (PII) that was stolen, the time frame during which the breach occurred, and the fact that multiple countries' consumers were affected. However, it contains several extraneous details that, while accurate, do not directly address the core of the question, which is 'What exactly was the security breach that occurred?' Specifically, the model answer did not mention the specific cause of the breach, which was the exploitation of a web application vulnerability, and that this led to the disclosure of PII for 145.5 million U.S. customers. These omissions are critical. The additional information about subsequent measures and the impact on consumers, while useful, is not directly asked in the question."
What was the extent of damage done as a result of the incident?,"[26, 27, 4]","[4, 17, 19]","The extent of the damage resulting from the 2017 cybersecurity incident at Equifax was substantial. The incident impacted approximately 145.5 million U.S. consumers, with an additional 2.4 million consumers having their name and partial driver’s license information stolen. Furthermore, around 19,000 Canadian consumers and 860,000 potentially affected U.K. consumers were also impacted. Despite the forensic investigation revealing that the core databases were not accessed, the incident led to numerous lawsuits and government investigations. Equifax has taken extensive steps to prevent similar incidents in the future and to regain trust from consumers, customers, and regulators.","The breach had a negative reputational impact on Equifax. This impact includes: poor revenue growth from 2016 to 2017, cancelled customer contracts, and suspended compliance certifications.",65,"The model answer provides extensive details about the scope of the data breach, including the number of affected individuals and international impact, which are factually correct. However, it omits critical aspects of the damage as outlined in the ground truth, such as the negative reputational impact, poor revenue growth, cancelled customer contracts, and suspended compliance certifications. While accuracy in describing the breach itself is high, the omission of significant repercussions on the company's operations and reputation impacts the overall score."
What steps did Equifax take to rectify the hack and regain customer confidence?,"[9, 3, 4]","[4, 9, 16]","After the 2017 cybersecurity incident, Equifax took several steps to rectify the hack and regain customer confidence. These steps included:

1. **Immediate Action**: Equifax acted promptly to stop the intrusion upon discovery and engaged an independent cybersecurity firm to conduct a comprehensive forensic investigation to determine the scope of the intrusion and identify the specific data potentially impacted.

2. **Enhanced Security Infrastructure**: The company began undertaking significant steps to enhance its data security infrastructure, incurring significant costs in the process. Further steps were planned to prevent unauthorized access to its systems and the data it maintains.

3. **Proactive Consumer Protection**: Equifax provided free services to consumers impacted by the incident. This included offering the TrustedID Premier service, an identity theft protection and credit file monitoring product, for free to all U.S. consumers for 12 months. Similar free services were provided to consumers in Canada and the U.K. Additionally, Equifax introduced Lock & AlertTM, a service that allows U.S. consumers to quickly lock and unlock their Equifax credit report for free, for life.

4. **Board and Leadership Changes**: The company made strategic changes to its executive leadership team and added an independent director with expertise in data security to the Board. A Special Committee was formed to conduct an independent review of the incident, the company's response, and relevant policies and practices.

5. **Improved Controls and Protocols**: Equifax enhanced its disclosure controls and procedures to ensure prompt escalation, investigation, and reporting of cyber incidents to senior management and the Board. An independent consulting firm was engaged to review and enhance its cybersecurity framework and controls.

The efforts outlined above were part of Equifax's commitment to preventing similar incidents, enhancing data security, and regaining the trust of consumers, customers, and regulators in the aftermath of the cybersecurity breach.","Equifax first acted immediately to stop the intrusion and hire an independent cybersecurity firm to investigate and determine the scope of the intrusion. They then reported the breach to affected customers and offered them free credit reports, monitoring, and identity theft protection. Equifax's board also made changes to the executive leadership team to involve leaders who prioritized data security and committed long-term resources to protecting customer data.",90,"The model answer is detailed and captures the key actions Equifax took to address the hack and regain customer confidence. It accurately mentions immediate action to stop the intrusion, hiring an independent cybersecurity firm, offering free services like credit monitoring, and making changes to the executive leadership team. However, it adds extra specifics about enhanced security infrastructure, improved controls and protocols, and the creation of a Special Committee, which, while accurate, were not explicitly mentioned in the ground truth answer. Despite this, the added details do not detract from the factfulness of the response but rather enhance it. Thus, the answer is highly accurate but slightly deviates from the brevity of the ground truth."
How did the attacker succeed and what key information is left out in the document?,"[3, 4, 5]","[3, 16]","The attackers succeeded in the Equifax security breach by exploiting a vulnerability in a U.S. website application, which allowed them unauthorized access to the network. The breach led to the theft of personally identifiable information of U.S., Canadian, and U.K. consumers, including names, Social Security numbers, birth dates, addresses, and other sensitive data. Additionally, credit card numbers for approximately 209,000 U.S. and Canadian consumers were accessed, along with certain dispute documents with personal identifying information for approximately 182,000 U.S. consumers.

Key information left out in the document regarding how the attacker succeeded includes detailed technical aspects of the website application vulnerability that was exploited and specific measures that were not in place to prevent unauthorized access.

In summary, the breach was a result of criminals exploiting a specific website application vulnerability within the Equifax network, leading to the theft of sensitive consumer information across multiple regions. 

Please note that the document does not provide detailed technical information on the specific nature of the website application vulnerability or the specific security measures that were lacking within Equifax's network, hence the information provided above is a high-level overview based on the available text chunks.","The attacker succeeded by exploiting a web application vulnerability. How that vulnerability was exploited, what the vulnerability was, and why it existed are key pieces of information that are not present in the given document.",75,"The model answer accurately identifies that the attackers exploited a web application vulnerability, which is consistent with the ground truth answer. It also mentions that specific technical details about the vulnerability and security measures are missing, aligning with the ground truth's mention of missing key information. However, the model answer adds a significant amount of context about the consequences of the breach that, while accurate, extends beyond what the original question asked. This additional context, while informative, might slightly detract from focusing on the specific query about the attack method and missing details."
Does Equifax operate in Tamil Nadu?,"[9, 3, 6]",[None],"The text does not provide specific information about whether Equifax operates in Tamil Nadu. It only mentions that Equifax operates in North America (U.S. and Canada), Asia Pacific (Australia and New Zealand), Europe (the United Kingdom, Spain, and Portugal), and Latin America (Argentina, Chile, Costa Rica, Ecuador, El Salvador, Honduras, Mexico, Paraguay, Peru, and Uruguay). 
Therefore, the answer is:
'no relevant information' 

No specific mention of operating in Tamil Nadu is provided in the text chunks.",This information is not available in the given document.,95,"The model answer is highly accurate and aligns closely with the ground truth. It specifies that no information is available about Equifax's operations in Tamil Nadu within the given document. It provides additional context by listing the regions where Equifax does operate, although this extra detail is not immediately relevant to the question about Tamil Nadu. This is a minor deviation that does not significantly impact the quality of the response, hence a slight deduction in score."
How does Equifax deal with fluctuating currency exchange values to maximize profits?,"[9, 21, 6]",[21],"Equifax deals with fluctuating currency exchange values by translating revenue, income, expenses, assets, and liabilities into U.S. dollars at exchange rates in effect during reporting periods. As a result, changes in the value of the U.S. dollar against major currencies impact operating revenues, operating income, and balance sheet items denominated in foreign currencies. In 2017, a general weakening of foreign currencies had a negative impact on Equifax's results reported in U.S. dollars. Equifax generally does not mitigate the risks associated with fluctuating exchange rates, but may occasionally hedge a portion of its translational foreign currency exposure using forward contracts or other derivative instruments. The use of hedging activities may not completely offset the adverse financial effects of unfavorable movements in foreign exchange rates over the limited time the hedges are in place.

Therefore, Equifax's strategy to maximize profits amidst fluctuating currency exchange values is not specified in the information provided. 
","Equifax generally doesn't mitigate risks associated with fluctuating currency exchange values, though they may sometimes hedge against these risks.",90,"The model answer is highly detailed and accurate, explaining how Equifax deals with fluctuating currency exchange values by translating revenue, income, expenses, assets, and liabilities into U.S. dollars. It correctly mentions that Equifax generally does not mitigate the risks associated with fluctuating exchange rates but may occasionally hedge a portion of its exposure using forward contracts or other derivative instruments. The information about the use of hedging activities and their limited effectiveness is also relevant. While the ground truth answer is more succinct, the model answer does not omit important information and provides a comprehensive explanation. However, there is no specific strategy mentioned for maximizing profits amidst fluctuating currency exchange values, which slightly detracts from the completeness."
What are the primary countries in Europe that Equifax operates in?,"[8, 9, 6]",[8],"The primary countries in Europe that Equifax operates in are the United Kingdom, Portugal, and Spain. Equifax's European operation provides information solutions, marketing products, and personal solutions products, with a focus on credit reporting, scoring, risk management, identity management, fraud detection, and marketing services. Most of these products are sold in the U.K., with a more limited set of products available in Portugal and Spain. Additionally, Equifax provides information, technology, and services to support debt collections and recovery management in these countries.","The European countries that Equifax primarily operates in are Portugal, Spain, U.K.",95,"The model answer accurately identifies the primary countries in Europe where Equifax operates: the United Kingdom, Portugal, and Spain. The additional details about the types of services and products offered by Equifax in these countries do not detract from the primary focus of the question and provide further context, which could be valuable to an analyst. The contextual information aligns with Equifax's known services, ensuring no misinformation is introduced. However, since the extra details were not explicitly asked for, a minor deduction is warranted but the essential points are factual and complete."
Which revenue stream is usually the highest in the fourth quarter?,"[18, 21, 23]",[10],No relevant information,Revenue generated from financial wealth asset products and data management services is usually the highest in fourth quarter.,0,The model answer does not provide any relevant information regarding the highest revenue stream in the fourth quarter. It completely misses the essential details linked to financial wealth asset products and data management services.
Which government agencies in Australia regulate Equifax's business activity?,"[9, 13, 14]",[14],"In Australia, Equifax's business activity is regulated by various government agencies, including:
1. The Office of the Australian Information Commissioner (OAIC) which administers the Australian Privacy Principles and Part IIIA of the Privacy Act 1988.
2. The Australian Competition and Consumer Commission (ACCC) which enforces consumer protection and competition laws.
3. The Credit and Investments Ombudsman which handles privacy and credit reporting complaints.
4. The Australian Retail Credit Association (ARCA) which regulates the exchange of credit data between industry participants.
5. The Australian Securities and Investments Commission (ASIC) which regulates Equifax Australasia Credit Ratings Pty Limited and has investigative and enforcement powers.

This information is derived from the chunk:
'• In Australia, we are subject to regulatory oversight by various agencies...'","The Australian government agencies that regulate Equifax's business activities are the Office of the Australian Information Commissioner (OAIC), Australian Competition and Consumer Commission (ACCC), Australian Retail Credit Association (ARCA), and Australian Securities and Investments Commission (ASIC).",90,"The model answer is largely accurate and detailed, listing the Office of the Australian Information Commissioner (OAIC), Australian Competition and Consumer Commission (ACCC), Australian Retail Credit Association (ARCA), and Australian Securities and Investments Commission (ASIC), all of which match the ground truth answer. However, the addition of the Credit and Investments Ombudsman is not aligned with the ground truth answer. Therefore, the answer is slightly less accurate due to this inclusion."
What products and services were offered to customers in response to the breach?,"[9, 10, 4]","[9, 10, 4]","In response to the breach in 2017, Equifax offered various products and services to customers:
1. **TrustedID Premier Service:** Equifax offered this identity theft protection and credit file monitoring product for free to all U.S. consumers who signed up through January 31, 2018.
2. **Lock & Alert Service:** This new service allowed customers to quickly lock and unlock their Equifax credit report for free, for life.
3. **Free Credit Reports and Scores:** Equifax provided free credit reports and scores, credit monitoring, and identity theft protection for 12 months for consumers impacted by the cybersecurity incident in Canada and the U.K. who signed up by January 31, 2018.
4. **Freezing and Unfreezing Credit Files:** Equifax allowed U.S. consumers to freeze and unfreeze their Equifax credit file for free through June 30, 2018.
5. **Free Annual Credit Report:** Equifax provides U.S. consumers with a free annual credit report in accordance with the FACT Act.

This response shows the specific products and services Equifax offered to customers in response to the security breach.","In response to the breach, Equifax offered all U.S., Canada, and U.K. customers free identity theft protection, free credit file monitoring, free credit reports, and free credit scores.",85,"The model answer provides a detailed and accurate list of the products and services that Equifax offered in response to the breach. It covers all the key aspects mentioned in the ground truth answer such as free identity theft protection, free credit file monitoring, free credit reports, and free credit scores. Additionally, it includes specific details like the TrustedID Premier Service, Lock & Alert Service, and terms for freezing and unfreezing credit files which adds to the comprehensiveness of the response. However, the answer does include some details not specified in the ground truth, such as the exact terms for services like the duration for signing up (January 31, 2018) and the free freezing/unfreezing of credit files, which while informative, are not mentioned in the ground truth. Therefore, the model answer is slightly more detailed but remains factually accurate with minor deviations."
How is Equifax's ability to grow its geographical footprint in emerging markets using joint ventures and acquisitions affected by the breach?,"[17, 18, 22]",[22],"The security breach in 2017 has had a significant impact on Equifax's ability to grow its geographical footprint in emerging markets using joint ventures and acquisitions. The breach led to a negative impact on Equifax's reputation, causing certain customers to defer or cancel new contracts or projects. Many customers are now requiring security audits of Equifax's systems, and any negative results from such audits could lead to further losses of customers. Additionally, the breach resulted in the suspension of certain ISO certifications, which are required for maintaining certain customer relationships. This could hinder Equifax's ability to expand into new markets and attract potential customers due to the loss of credibility caused by the breach.

Furthermore, the breach has diverted significant attention from management towards addressing cybersecurity concerns, potentially affecting their focus on sourcing and developing potential acquisition and joint venture opportunities. This diversion of management's attention could result in decreased growth opportunities for Equifax.

In summary, the cybersecurity incident in 2017 has not only impacted Equifax's revenue and reputation but has also affected its ability to pursue growth opportunities through acquisitions, joint ventures, and expansions into new geographical markets.",Equifax's ability to use acquisitions and joint ventures to expand geographically in emerging markets may be hampered significantly by the breach. Terms will likely be more unfavorable and will take longer for business recentlty acquired like Veda longer to integrate.,80,"The model answer accurately describes the negative impact of the breach on Equifax's ability to grow its geographical footprint through joint ventures and acquisitions, which aligns with the ground truth answer. It effectively elaborates on how the breach has affected Equifax's reputation, customer relationships, and management focus, which are relevant details that augment the understanding of the impact. However, it mentions several specifics, such as customer deferments, security audits, and ISO certifications, which are not included in the ground truth and may not be completely accurate. Additionally, it does not directly address the terms of acquisitions or the integration timeframe for recently acquired businesses like Veda. Therefore, while the response is comprehensive and factually pertinent, it includes superfluous information and lacks a few critical details mentioned in the ground truth."
How many government contracts were suspended due to the breach?,"[26, 27, 4]",[23],no relevant information,"Due to the Equifax breach, one government contract was suspended and other government contracts are under scrutiny.",0,"The model answer provided 'no relevant information,' which completely fails to address the question asked by the analyst. It does not mention the number of government contracts suspended due to the breach or provide any other details related to the breach. Therefore, it receives a score of 0 for factfulness and completeness."
How would Brexit impact Equifax's bottom-line?,"[17, 22, 23]",[24],"The text does not provide specific information on how Brexit would impact Equifax's bottom-line. Therefore, the answer would be:

'no relevant information'

We would need additional information or data from Equifax's 10K in 2018 to address this question accurately.",The economic uncertainty caused by Brexit could cause Equifax's clients to reduce spending on their solutions on services. The financial impact of Brexit on Equifax depends on agreements the U.K. makes to retain access to EU markets.,30,"The model answer lacks the necessary information to address the question meaningfully. It dismisses the inquiry by stating 'no relevant information' instead of analyzing potential impacts. It also incorrectly suggests the need for additional information from Equifax's 2018 10-K, which is not directly connected to Brexit impacts. The ground truth answer provides a relevant analysis based on economic uncertainty caused by Brexit and its implications on client spending and market access. The model answer fails both in terms of factfulness and completeness."
How many class action suits were filed against Equifax following the breach?,"[26, 27, 4]",[26],"Following the breach, hundreds of class actions were filed against Equifax in federal, state, and Canadian courts. The plaintiffs in these cases claimed to represent various classes of consumers who were harmed due to Equifax's alleged actions and/or omissions in connection with the cybersecurity incident. Additionally, financial institutions filed class actions alleging risks to their businesses caused by the breach. In total, numerous class actions were filed against Equifax after the security breach.","The document claims that hundreds of class action lawsuit were filed after the breach, but a specific number is not provided.",85,"The model answer is largely accurate and provides valuable context about the nature of the class actions filed. It correctly mentions that hundreds of class action lawsuits were filed against Equifax and specifies different kinds of plaintiffs involved. However, it does not emphasize the lack of a specific number, which is a detail mentioned in the ground truth answer. The additional information about the types of lawsuits is useful but not essential to the core question. The answer could have scored higher if it acknowledged the absence of a precise count of the lawsuits filed."
TransUnion sued Equifax on what grounds?,"[3, 26, 27]",[26],"TransUnion sued Equifax based on claims for declaratory relief, breach of contract, and anticipatory repudiation of contract. Specifically, TransUnion filed a lawsuit in the U.S. District Court for the Northern District of Illinois against Equifax Information Services LLC, Equifax Inc., and Equifax Consumer Services LLC. The lawsuit was centered around their Reciprocal Data Supply Agreement, which outlines the pricing terms for credit monitoring provided by both parties to each other. TransUnion sought a declaration of its contractual rights under the Agreement and monetary damages. Equifax disputed TransUnion's allegations and expressed the intention to defend against the claims.","TransUnion sued Equifax on the grounds of declaratory relief, breach of contract, and anticipatory repudiation of contract.",85,"The model answer correctly identifies the grounds on which TransUnion sued Equifax: declaratory relief, breach of contract, and anticipatory repudiation of contract. This satisfies the primary requirement of factfulness, which is weighted at 70%. However, the model also adds details about the lawsuit's filing location, parties involved, and specifics of the Reciprocal Data Supply Agreement that were not mentioned in the ground truth answer. While this additional information is not incorrect, it does not directly pertain to the central question. The added context slightly detracts from the clarity and focus, resulting in a small deduction. Therefore, the score is 85."
Who were the criminals caused the Equifax security breach?,"[9, 3, 4]","[3, 4]","The Equifax security breach in 2017 was caused by criminals who exploited a vulnerability in a U.S. website application to gain unauthorized access to Equifax's network. The breach resulted in the theft of personally identifiable information of U.S., Canadian, and U.K. consumers. The information accessed included names, Social Security numbers, birth dates, addresses, driver’s license numbers, and credit card numbers for a significant number of individuals. The criminals were able to access this data from mid-May through July 2017. Equifax acted promptly to notify the affected consumers and has been cooperating with law enforcement in their investigations to identify the perpetrators responsible for the breach. 

Therefore, the criminals behind the Equifax security breach have not been specifically identified or disclosed in the information provided in the relevant text chunks. 

**No specific information is provided about the criminals responsible for the security breach in the 10K text chunks.**","The document is states that criminals caused the Equifax security breach, but details on the identity of those criminals is not present in the given document.",85,"The model answer provides a detailed and accurate description of how the Equifax breach occurred and its consequences, which is factually correct but slightly diverges from the main query about the identity of the criminals. The response correctly mentions that specific information about the criminals is not provided in the document, aligning with the ground truth. However, the model includes some extraneous details that were not asked for and slightly fails in maintaining the specificity required by the question. Thus, while it maintains high factual accuracy, it could focus more on directly addressing the question of criminals' identities."
What U.S. federal laws and regulations were violated due to the breach?,"[20, 12, 13]","[12, 11, 3]","The Equifax breach potentially violated several U.S. federal laws and regulations. The most relevant laws that might have been violated include:

1. **Fair Credit Reporting Act (FCRA)**: The FCRA regulates consumer reporting agencies like Equifax and governs the accuracy, fairness, and privacy of consumer information in credit reports. Violations of the FCRA can lead to civil and criminal penalties.

2. **Dodd-Frank Act**: This law aims to protect consumers from abusive financial practices and created the Consumer Financial Protection Bureau (CFPB) with supervisory authority over credit reporting agencies. Violations of the Dodd-Frank Act can result in enforcement actions, monetary penalties, and other remedies.

3. **Federal Trade Commission Act (FTC Act)**: The FTC Act prohibits unfair or deceptive acts or practices, including inadequate data security measures. Failure to safeguard personal data adequately can lead to regulatory scrutiny or enforcement actions.

4. **Gramm-Leach-Bliley Act (GLBA)**: The GLBA regulates the use of non-public personal information by financial institutions, including credit reporting agencies. Breach of the GLBA can result in civil and criminal penalties.

5. **Credit Repair Organizations Act (CROA)**: The CROA regulates companies claiming to help consumers improve their credit. Violations of the CROA can lead to legal action by consumers seeking damages.

The 2017 cybersecurity incident at Equifax triggered public concern and regulatory scrutiny, potentially resulting in violations of these laws. The breach exposed personal information of millions of consumers, raising questions about compliance with data protection regulations and consumer privacy rights.","Due to the Equifax breach, various U.S. federal laws and regulations were violated. These include the Fair Credit Reporting Act (FCRA), Dodd-Frank Act, Federal Trade Commission Act (FTC Act), Gramm-Leach-Bliley Act (GLBA), and Credit Repair Organizations Act (CROA).",95,"The model answer provides a comprehensive list of the U.S. federal laws and regulations that were potentially violated due to the Equifax breach. It accurately mentions all the same laws as the ground truth answer: the Fair Credit Reporting Act (FCRA), Dodd-Frank Act, Federal Trade Commission Act (FTC Act), Gramm-Leach-Bliley Act (GLBA), and Credit Repair Organizations Act (CROA). Additionally, the model answer expands slightly by explaining the implications of these violations in more detail. The detail added does not detract from the answer; rather, it enhances the understanding of each regulation's relevance to the breach. Therefore, it is both factually accurate and comprehensive without omitting any critical information. Given that it includes all essential laws and provides accurate details, it merits a high score. However, since this task prioritizes succinctness equally, the additional details slightly reduce the score from a perfect 100."
Why does Equifax consider outsourcing their operations to be potentially harmful to their business?,"[18, 22, 23]",[23],"Equifax considers outsourcing certain portions of their operations potentially harmful to their business because dependence on outsourced information technology and other administrative functions may impair their ability to operate effectively. If the outsourcing vendors fail to perform their obligations in a timely manner, or at satisfactory quality levels, including data and system security, or if they increase prices unreasonably, Equifax's ability to bring products to market, support customers, and their reputation could suffer. Any failure by these third-party providers could result in lower future revenue, unrealized efficiencies, and adversely impact Equifax's results of operations and financial condition. Additionally, much of Equifax's outsourcing occurs in developing countries, which may be subject to geopolitical uncertainty.

No relevant information is provided about Equifax directly considering outsourcing as harmful to their business in relation to the potential risks involved.","Outsourcing vendors have failed to perform at a satisfactory quality despite service level agreements. Because of this, Equifax concludes that outsourcing operations may adversely affect their ability to bring products to market.",85,"The model answer provides a fairly comprehensive explanation of the potential harms of outsourcing for Equifax, including some factors not mentioned in the ground truth answer, such as geopolitical uncertainty and price increases. These additions, while informative, are not directly cited in relation to Equifax's specific concerns. However, the core details about the dependency on outsourced services impairing Equifax's ability to operate effectively and the potential impact on bringing products to market and maintaining quality standards align closely with the ground truth answer."
Why is the market for Equifax's products highly competitive?,"[10, 18, 6]",[10],"The market for Equifax's products is highly competitive due to several factors. Firstly, Equifax competes with global consumer credit reporting companies like Experian and TransUnion, which offer similar credit information solutions. Additionally, there are emerging competitors like Credit Karma, CallCredit, and ClearScore offering free credit scores. Furthermore, Equifax faces competition in specialized areas such as fraud prevention, risk management, and application processing from various software companies. The competition extends to marketing services as well, competing with companies like Acxiom and Harte-Hanks. Equifax also competes in commercial solutions products with companies like Experian, Dun & Bradstreet, and Cortera, and in employment and income verification services with large employers and regional online verification companies. The competition is further fueled by the constantly evolving market dynamics, new product introductions, pricing strategies of competitors, and the potential emergence of new competitors or alliances. Equifax also faces challenges related to price reductions by competitors, changes in customer requirements, and the need to enhance products and services to remain competitive.",The competitors of Equifax vary in size and offer a diversity of products and service. There are also many competitors in each market that Equifax has products in.,90,"The model answer is detailed and accurate, identifying key competitors and market factors that contribute to the competitiveness of Equifax's products. It lists major competitors like Experian and TransUnion and recognizes competition in various specialized areas such as fraud prevention, risk management, and application processing. The answer also mentions competition in marketing services and commercial solutions, adding depth to the explanation. While the model answer provides a thorough analysis, it is somewhat more detailed than the ground truth answer, which might be seen as slightly beyond the scope of the question. However, it does not omit important information and provides a comprehensive overview of the competitive landscape, warranting a high score."
How has the percentage of revenue from Equifax's international clients changed over time?,"[3, 21, 6]",[6],"The percentage of revenue from Equifax's international clients has changed over time as follows:
- 2017: Revenue from international clients accounted for 29% of total revenue.
- 2016: Revenue from international clients accounted for 27% of total revenue.
- 2015: Revenue from international clients accounted for 23% of total revenue.

Therefore, there has been a slight increase in the percentage of revenue from international clients from 2015 to 2017, showing a gradual trend towards a higher contribution from international operations.",The percentage of revenue from Equifax's international clients has been increasing since 2015.,90,"The model answer accurately reflects the ground truth by indicating that the percentage of revenue from Equifax's international clients has been increasing since 2015. The model provided detailed figures for the years 2015, 2016, and 2017, showing a clear trend towards a higher contribution from international operations. However, the ground truth is simpler and more focused, while the model provided additional specific data points that were not explicitly requested. This explanation does not negatively impact the factual correctness, thus a small deduction is made for minor deviation in simplicity."
What products and services does USIS offer?,"[8, 9, 7]",[7],"Based on the information provided in the relevant text chunks, Equifax's USIS (United States Information Solutions) offers a wide range of products and services. These include Online Information Solutions which provide consumer and commercial information for various financial and business decisions, Mortgage Solutions that offer specialized credit reports for mortgage underwriting, and Financial Marketing Services that help clients manage their marketing efforts effectively. Additionally, USIS also offers services like employment and income verification, identity management and fraud detection, debt collection software, and analytics to businesses in the U.S.

So to summarize, USIS offers a comprehensive suite of products and services such as online data solutions, portfolio management services, analytical services, technology services, identity management and fraud solutions, marketing services, employment and income verification services, business process outsourcing, debt collection software, services, and analytics.","USIS offers three product and service lines. These are Online Information Solutions, Mortgage Solutions, and Financial Marketing Services",60,"The model answer starts strong by accurately identifying the three main services offered by USIS: Online Information Solutions, Mortgage Solutions, and Financial Marketing Services. However, it goes on to include additional services like employment and income verification, identity management and fraud detection, debt collection software, and analytics that were not mentioned in the ground truth answer. While the model highlights relevant services, it introduces inaccuracies by adding these extra offerings without confirmation from the source material. This dilutes the factual accuracy and introduces potential misinformation."
Was a certain Equifax products or services adversely affected by the breach?,"[9, 3, 4]","[9, 10]","The Equifax products and services adversely affected by the 2017 security breach were primarily related to the Global Consumer Solutions segment. The breach involved the theft of personally identifiable information of U.S., Canadian, and U.K. consumers. The information accessed included names, Social Security numbers, birth dates, addresses, driver’s license numbers, and in some instances, credit card numbers. Approximately 19,000 Canadian consumers and 860,000 potentially affected U.K. consumers were impacted by the breach. 

As a response to the cybersecurity incident, Equifax began offering free services such as TrustedID Premier service for identity theft protection and credit file monitoring, free credit reports and scores, credit monitoring, and identity theft protection for the affected consumers. Additionally, Equifax introduced the Lock & Alert service for U.S. consumers to quickly lock and unlock their Equifax credit report for free, for life. These actions were taken in an effort to regain the trust of consumers, customers, and regulators following the breach.

Therefore, it can be concluded that Equifax's products and services within the Global Consumer Solutions segment were significantly impacted by the breach, leading to the provision of free services and enhanced security measures to mitigate the effects of the incident and enhance consumer protection and trust.","Yes, Equifax ceased advertising for the Global Consumer Solutions line of products and made some of the free. These products provided customers information to understand and monitor their credit and identity.",85,"The model answer is mostly accurate and includes relevant details about the Global Consumer Solutions segment being affected. It also mentions the provision of free services such as TrustedID Premier, Lock & Alert, and free credit reports, which aligns with the ground truth's mention of Equifax ceasing advertisements and making some services free. However, the model answer expands significantly beyond the scope of the question by detailing information about the breach itself, its impact on consumers, and Equifax's broader response. While these additional details are accurate, they are not necessary for answering the question directly and succinctly."
What benefits do Equifax's products and services attempt to provide customers?,"[9, 10, 6]","[6, 5]","Equifax's products and services aim to provide various benefits to customers, including:

1. Decisioning products that enable pre-approved offers of credit and automate credit decisions.
2. Information, technology, and services to support debt collections and recovery management.
3. Employment and income verification services through Verification Services.
4. Employer Services aimed at reducing HR costs and assisting with various functions like tax matters, employment-related tax credits, W-2 management, and more.
5. The Work Number, a repository of employment and income data used for verification services and employer HR services.
6. Global Consumer Solutions products that offer credit monitoring, identity protection, credit file information, credit scores, and monitoring features for identity theft and data breaches.
7. Free services in response to the 2017 cybersecurity incident, such as TrustedID Premier service, Lock & Alert service, free Equifax credit report freezing/unfreezing, and free credit reports, scores, monitoring, and identity theft protection for affected consumers.

These products and services cater to different needs of consumers, providing them with tools to manage their credit, protect their identities, and make informed decisions related to credit and employment verification.",Equifax's products and services intend to help customers make more informed decisions with high levels of confidence by leveraging data and insights,75,"The model answer provides a detailed overview of Equifax's products and services, including several specific features and capabilities. However, while it is accurate, it doesn't fully align with the simple and more general intention described in the ground truth answer, which emphasizes helping customers make more informed decisions with high levels of confidence by leveraging data and insights. The model answer focuses more on the range of specific services offered rather than summarizing the overarching benefit in the same way. Additionally, the model answer includes information on how Equifax responded to the 2017 cybersecurity incident, which, while relevant, might be more detailed than necessary for answering the question directly about the benefits of their products and services."
What are the operating segments of Equifax's business?,"[8, 9, 6]",[3],"The operating segments of Equifax's business are as follows:
1. **Online Information Solutions**: This segment provides products and services utilizing consumer and commercial information such as credit, income, assets, and net worth. These products are primarily used by institutions in the banking, brokerage, retail, insurance, mortgage industries, and companies focused on digital and interactive marketing.
  
2. **International**: This segment includes business units in Asia Pacific, Europe, Latin America, and Canada. It offers products similar to the USIS segment, with data sources relying more heavily on government agencies in some jurisdictions.
  
3. **Europe**: The European operation provides information solutions, marketing products, and personal solutions products primarily in the U.K. It includes credit reporting, scoring, risk management, fraud detection, business credit reporting, and commercial risk management services.
  
4. **Asia Pacific**: This segment provides consumer and commercial information solutions, marketing products, and personal solutions primarily in Australia and New Zealand. It offers credit reporting, decisioning tools, risk management services, and marketing products derived from credit records.
  
5. **Latin America**: The Latin American operation offers consumer and commercial information solutions, marketing products, and personal solutions in countries such as Argentina, Chile, and Mexico. It provides services like credit reporting, decisioning technology, risk management, and identity authentication.
  
6. **Canada**: Similar to Online Information Solutions, Mortgage Solutions, and Financial Marketing Services, Canada offers products derived from credit information for individual consumers and businesses. It provides credit reporting, scoring, marketing, risk management, fraud detection services, and debt collections support.

This covers Equifax's operating segments in different regions and the products and services offered within each segment.","The operating segments of Equifax's business are U.S. Information Solutions (USIS), International, Workforce Solutions, and Global Consumer Solutions.",40,"The model answer provides a detailed breakdown of Equifax's operations by geographical regions and describes the services offered in each region. However, it does not accurately reflect the primary operating segments as specified by Equifax in the ground truth answer. The model splits the International segment into multiple geographic regions, incorrectly introduces segments such as 'Online Information Solutions,' and omits 'U.S. Information Solutions' and 'Workforce Solutions.' Therefore, while it contains some relevant details, it is factually inaccurate according to the specified operating segments of Equifax's business."
In which parts of the world are the Equifax's largest markets located?,"[9, 3, 6]",[6],"The Equifax's largest markets are located in the following regions:
1. The United States
2. Asia Pacific (Australia and New Zealand)
3. Europe (the U.K., Spain, and Portugal)
4. Canada
5. Latin America (Argentina, Chile, Costa Rica, Ecuador, El Salvador, Honduras, Mexico, Paraguay, Peru, and Uruguay)
Additionally, Equifax offers branded credit services in Russia and India through joint ventures and has investments in various regions. The company also provides information, technology, and services to support debt collections and recovery management across different regions.","Equifax's largest markets are located in the U.S., Asia Pacific, Europe, Canada, and Latin America.",85,"The model answer provides accurate information regarding Equifax's largest markets, specifying the U.S., Asia Pacific, Europe, Canada, and Latin America, which align with the ground truth. It also offers additional details, such as specific countries within each region and other services and investments, which are correct but not directly relevant to the question posed. While the additional information is not incorrect, it does not add significant value to answering the question regarding the largest markets, and could potentially confuse a reader seeking a succinct answer. Therefore, the score reflects high factfulness with minor points deducted for adding extraneous details."
Does Equifax outsource its sales and marketing operations?,"[9, 3, 6]",[6],"According to the provided information, Equifax does outsource certain services related to workforce solutions. The Workforce Solutions segment provides services enabling clients to verify income and employment (Verification Services) as well as to outsource and automate certain payroll-related and human resource management business processes, including unemployment cost management, tax credits and incentives, I-9 management services, and services to ensure compliance with the Affordable Care Act (Employer Services). This indicates that Equifax does engage in outsourcing for specific operations within its business.","No, Equifax markets its products and services through their own sales organization.",30,"The model answer does not directly address whether Equifax outsources its sales and marketing operations, which was the core of the question. Instead, it provides information about outsourcing in their Workforce Solutions segment, which is not relevant to the inquiry about sales and marketing. While this information is correct, it is not pertinent to the question asked and therefore does not fulfill the requirements for factfulness or completeness in context."
How many companies does Equifax recieve payroll data from?,"[9, 3, 6]",[9],"Equifax receives payroll data from over 10,600 organizations to regularly update its database called The Work Number. The updates occur as employers transmit data electronically to Equifax from their payroll systems. Employers contract to provide this data for specified periods, ranging from one to five years.

The information provided indicates that Equifax receives payroll data from over 10,600 organizations.","Equifax recieves payroll data from over 10,600 companies.",95,"The model answer accurately states that Equifax receives payroll data from over 10,600 companies. While it adds some additional context about how the updates occur and contractual details, these do not detract from the accuracy of the core fact. The extra information is relevant and factual, but it is not specifically needed to answer the original question. The main fact matches the ground truth very well."
Which Equifax service allows verifiers to verify an employee's employment status and income information?,"[9, 6, 7]",[9],"The Equifax service that allows verifiers to verify an employee's employment status and income information is called ""Verification Services."" This service includes online verification services that enable third-party verifiers such as governmental agencies, mortgage originators, credit card and automotive lenders, and pre-employment screeners to verify an employee's employment status and income information. Equifax also offers offline research verification services to expand employment verification by locating data outside their existing automated database.",The Verification Services unit within Equifax provides online verification services for verifiers to verify an employee's employment status and income information.,95,"The model answer accurately identifies the Equifax service as 'Verification Services' that allows verifiers to verify an employee's employment status and income information. It also correctly notes that the service includes online verification. The additional information about offline research verification services and the types of third-party verifiers is accurate but not necessary for answering the specific question. Overall, the model answer provides precise and comprehensive details, thus earning a high score."
What products or services are listed as sources of competition for Equifax?,"[10, 18, 6]",[10],"The products or services listed as sources of competition for Equifax include:
1. Experian and TransUnion - global consumer credit reporting companies offering similar credit information solutions.
2. LifeLock - a national provider of personal identity theft protection service in the U.S.
3. Credit Karma, CallCredit, and ClearScore - emerging competitors offering free credit scores in the U.S. and the U.K. respectively.
4. Competitors offering specialized products in areas such as fraud prevention, risk management, application processing, and decisioning solutions.
5. Software companies providing credit modeling services or analytical tools.
6. Companies offering demographic information products such as Acxiom, Harte-Hanks, and infoGROUP.
7. Fair Isaac Corporation (FICO) - a competitor in analytical tools and solutions.
8. Experian, Dun & Bradstreet, and Cortera - competitors in commercial solutions products.
9. Providers of employment and income verification services such as Verify Jobs and First Advantage.
10. Companies providing debt collection and recovery management software, services, and analytics.
This information is provided in the text chunk discussing the competition faced by Equifax in the market for their products and services.","The products and services listed as sources of competition for Equifax are consumer credit information solutions and personal solutions products, commercial solutions products, employment and income verification services, and debt collection and recovery management services.",85,"The model answer includes a comprehensive list of competitors and addresses several key areas of competition for Equifax, such as consumer credit information solutions, personal identity theft protection, and employment and income verification services. However, it includes specific company names and additional categories not mentioned in the ground truth answer, which could be seen as adding unnecessary information. The core areas of competition like consumer credit information solutions, commercial solutions products, and debt collection and recovery management services are covered, contributing positively to factfulness and completeness. Nonetheless, the answer is over-detailed in some areas compared to the succinct nature of the ground truth answer."
How does the GDPR compare to the privacy laws of other countries?,"[12, 13, 14]",[12],"The GDPR, General Data Protection Regulation, is a European Union regulation that governs data protection and privacy for individuals within the EU. Compared to the privacy laws of other countries, the GDPR is noted for its strict and comprehensive requirements. It imposes stricter standards than the laws in the United States and many other countries where Equifax operates. The GDPR includes provisions for data breach notifications, enhanced data protection requirements, and significantly increased penalties for non-compliance.

The text mentions that some Latin American countries like Argentina and Uruguay have enacted comprehensive data protection legislation similar to the GDPR. In comparison, countries such as El Salvador, Ecuador, and Honduras focus more on constitutional rights to privacy rather than specific data protection standards. Additionally, Canada has federal and provincial laws governing the collection, use, and disclosure of personal information, with specific credit reporting legislation at the provincial level.

Therefore, the GDPR stands out for its rigorous approach to data protection, setting a high standard that goes beyond many other countries' laws, including those in the Americas and Canada.",The GDPR has generally stricter and more comprehensive requirements than other countries that Equifax operates in.,85,"The model answer provides an accurate description of the GDPR and compares it to the privacy laws of the United States and other countries, highlighting the GDPR's comprehensive and stringent nature. It includes information about data breach notifications and penalties for non-compliance, which are important aspects of security breaches. Additionally, it gives some context about privacy laws in Latin America and Canada, though this information is somewhat broader than necessary. However, the ground truth answer is more concise and directly states that the GDPR is stricter and more comprehensive than the laws in other countries where Equifax operates, without additional details. The model answer is factually correct and does not omit important information, but it goes beyond what is required."
Were more consumers in U.K. or Canada potentially impacted by the cybersecurity breach?,"[16, 4, 13]","[3, 4]","Approximately 860,000 potentially affected consumers in the U.K. were contacted regarding the cybersecurity breach, while around 19,000 Canadian consumers were impacted. Therefore, more consumers in the U.K. were potentially impacted by the cybersecurity breach compared to Canada.","About 860,000 U.K. consumers were impacted by the breach, while only 19,000 Canadian consumers were impacted.",95,"The model answer is very close to the ground truth answer. It accurately states that approximately 860,000 U.K. consumers and around 19,000 Canadian consumers were impacted by the breach. The only slight deviation is the use of 'potentially affected' and the mention of consumers being contacted, which was not specified in the ground truth but does not affect the overall accuracy concerning the number of impacted individuals."
Can Indian customers pursue legal action against Equifax due to a data breach?,"[27, 13, 14]",[14],"Indian customers can pursue legal action against Equifax due to a data breach based on the legislation in India. The Information Technology Act 2000, the Credit Information Companies (Regulation) Act of 2005, and Rules and Regulations framed thereunder in India establish a federal data protection framework. These laws allow individuals to sue for damages in the case of a data breach if the entity negligently failed to implement reasonable security practices and procedures to protect personal data and credit information. Equifax's Indian joint venture is subject to regulation by the Reserve Bank of India.

As per the provided information, Indian customers have legal recourse under the aforementioned laws in case of a data breach by Equifax.","Yes, the Indian parliament passed legislation that allows individuals to sue Equifax for damages in the case of a data breach.",85,"The model answer correctly states that Indian customers can pursue legal action against Equifax due to a data breach and mentions relevant legislation such as the Information Technology Act 2000 and the Credit Information Companies (Regulation) Act of 2005. However, it does not specifically mention the recent legislation passed by the Indian parliament that directly allows individuals to sue Equifax for damages as stated in the ground truth answer. This omission affects the completeness of the information, but the answer remains mostly accurate and detailed."
How many employees did Equifax have by the end of 2017?,"[9, 3, 6]",[15],"The text does not provide specific information regarding the exact number of employees Equifax had by the end of 2017. 
Therefore, the answer is:
'no relevant information'
There is no mention of the total number of employees in the provided text chunks.","Equifax had approximately 10,300 employees by the end of 2017.",15,"The model answer completely fails to provide the specific information requested, which is Equifax's employee count by the end of 2017. It inaccurately claims that no relevant information is available. Consequently, the accuracy is extremely low, and the answer omits the crucial detail of the number of employees. While it acknowledges the lack of specific information in the provided text, this doesn't compensate for not providing the correct information, hence the low score."
Will all losses for the 2017 cybersecurity breach be covered by insurance?,"[16, 27, 4]",[16],"Equifax expects that their insurance coverage will not be adequate to compensate for all losses that may occur due to the 2017 cybersecurity incident. The company cannot ensure that their insurance policies in the future will be sufficient to cover losses from any potential future failures. Additionally, the third-party insurance coverage may vary over time in terms of type and amount depending on availability, cost, and the company's risk management decisions. It is important to note that the 10K does not specify the exact amount of losses that will be covered by insurance, but it clearly states that not all losses will be compensated.",Equifax does not expect insurance coverage to compensate them for all losses that will occur due to the 2017 cybersecurity breach.,90,"The model answer is quite close to the ground truth answer and conveys the essential fact that Equifax does not expect insurance to cover all losses from the 2017 cybersecurity breach. However, it introduces additional details about future insurance policies and third-party insurance coverage, which are not strictly relevant to the question asked. Despite this extra information, it does not detract from the main point, hence a small deduction."
How can competitors decrease Equifax's sales and market share?,"[17, 18, 10]",[18],"Competitors can decrease Equifax's sales and market share by introducing new product offerings that are superior to Equifax's current products and services, gaining greater market acceptance, and responding more quickly to new technologies and changing customer requirements. Competitors with significantly greater financial, technical, or marketing resources may be able to outperform Equifax in certain market segments. Additionally, competitors may choose to sell products at lower prices, potentially impacting Equifax's margins and profitability. If Equifax is unable to respond effectively to changes in competition or customer demand, it could result in further reductions in operating margins and market share.",New product introductions and pricing strategies offered by competitors can decrease their sales and market share. Competitors may develop new products or respond more quickly to new technologies and changing customer requirements.,95,"The model answer is highly accurate and closely aligns with the ground truth answer. It covers new product introductions, pricing strategies, and the ability to respond to new technologies and changing customer requirements, which were all points mentioned in the ground truth answer. Additionally, the model answer provides extra details about financial, technical, or marketing resources and the impact on operating margins and profitability, which are relevant and add depth to the response. However, these extra details were not in the ground truth answer, so a slight deduction was made."
Why does management believe the revenue from direct to consumer business will decline?,"[17, 18, 22]",[19],"Management believes that the revenue from the direct to consumer business will decline due to several reasons outlined in the text chunks provided. The 2017 cybersecurity incident negatively impacted Equifax's reputation, leading some customers to defer or cancel new contracts or projects. Customers have started requiring security audits of Equifax's systems, and any negative results from these audits could lead to further losses of customers. Additionally, certain certifications such as ISO certifications and payment card industry certifications have been suspended due to the cybersecurity incident, which could result in fines, loss of access to data, and impact the ability to offer certain products to customers. If Equifax fails to demonstrate the security of its systems and data, rebuild customer trust, or if negative publicity continues, it could experience a substantial negative impact on its business, ultimately resulting in declining revenue from the direct to consumer business.

The text chunks also mention that Equifax relies extensively on data from external sources to maintain its databases. However, concerns arising from the cybersecurity incident could lead to data furnishers withdrawing, delaying, or increasing the cost of providing data to Equifax. This potential loss of access to data from external sources could harm Equifax's ability to provide products and services, resulting in decreased revenue and reputational loss.

Therefore, management believes that the revenue from the direct to consumer business will decline due to the aftermath of the cybersecurity incident, loss of customer trust, potential loss of access to data, and the negative impact on business operations.","There was an increase in companies offering free or low-cost direct to consumer credit services (such as credit scores, reports and monitoring) as part of alternative business models that use such services as a means to introduce consumers to other products and services. To the extent that Equifax's customers choose not to obtain services from us and instead rely on information obtained at no cost or relatively inexpensively from these other sources, our business, financial condition and results of operations may be adversely affected.Due to the 2017 cybersecurity incident and our provision of free services to consumers in connection therewith, we ceased the advertisement and sale of new products in their direct to consumer business, which resulted in a significant decline in revenue in that business. Furthermore, in late January 2018, Equifax began offering a new credit lock service, Lock & Alert, that is free for life and is aimed at empowering consumers to control access to their Equifax credit file directly and quickly from their smartphone or computer. We expect services like our Lock & Alert to continue to increase, thereby eliminating the market for many consumer direct products and services.",70,"The model answer correctly identifies the 2017 cybersecurity incident as a pivotal factor contributing to the decline in direct to consumer business revenue, which is consistent with the ground truth. However, it omits other critical details such as the increase in competitors offering free or low-cost services and the specific impact of the Lock & Alert service. Additionally, it overemphasizes issues like security audits, certifications, and external data sources, which are not mentioned in the ground truth. These inaccuracies and omissions result in a lower score despite the partial alignment with the main reason for the revenue decline."
What was the potential impact of the law passed in Ecuador at the end of 2017?,"[20, 13, 14]",[20],"The potential impact of the law passed in Ecuador at the end of 2017 was substantial for Equifax. The law, if implemented, would effectively prohibit Equifax from operating as a credit bureau within Ecuador unless selected to operate under contract to serve the public authority designated by the new law. This could limit Equifax's ability to pursue business opportunities in Ecuador, impose additional costs, result in significant loss of revenue, fines, and adversely affect its business operations. It was noted that the Ecuadorian Superintendent of Banks was obligated to set up a public credit data registry within 270 days of January 1, 2018, potentially affecting Equifax's operations within the country.

The text chunk provides detailed information on how the law passed in Ecuador could impact Equifax's business operations in the country.","The law would effectively prohibit Equifax from operating as a credit bureau within Ecuador unless they are selected to operate under contract to serve the public authority that the new law tasks with providing such services. These laws and regulations (as well as actions that may be taken by legislatures and regulatory bodies in other countries) and the consequences of any violation could limit their ability to pursue business opportunities they might otherwise consider engaging in, impose additional costs on us, result in significant loss of revenue, result in significant restitution and fines, impact the value of assets they hold,or otherwise adversely affect their business.",95,"The model answer is mostly accurate and closely matches the ground truth answer. It covers the key points, such as prohibiting Equifax from operating as a credit bureau in Ecuador unless selected under a contract, the law's potential to limit business opportunities, impose additional costs, lead to significant loss of revenue and fines, and adversely affect business. Additionally, the model answer included information about the Ecuadorian Superintendent of Banks having to set up a public credit data registry, which adds context but is not present in the ground truth. The minor deviation does not significantly affect the accuracy of the response."
How did Equifax expect the cyber attack to affect laws and regulations around their business?,"[3, 27, 20]",[20],"Equifax expected the cyber attack to potentially lead to changes in laws and regulations around their business. They acknowledged that they are subject to various laws and governmental regulations, and the company anticipated that new laws or regulations could be put in place in response to the 2017 cybersecurity incident. The increased public concern regarding the operation of credit reporting agencies and the handling of personal information, especially after the data breach, could lead to stricter regulations and compliance requirements. Equifax mentioned that there were legislative proposals pending in the U.S. Congress, state legislative bodies, and foreign governments concerning data protection as a result of the cybersecurity incident. Additionally, the company recognized that any perception of their practices as an invasion of privacy could result in public criticism, legal actions, reputational harm, or regulatory scrutiny, potentially affecting their operations and liability. Equifax also highlighted the need for continued compliance efforts, potential increased expenses for compliance, and the risks of penalties, fines, and reputational damage if they fail to comply with existing or new regulations.

Therefore, Equifax anticipated that the cybersecurity incident could impact laws and regulations governing their business operations and data handling practices.","Expect there to be an increased focus on laws and regulations related to our business because of the great public concern in
the U.S. with regard to the operation of credit reporting agencies, as well as the collection, use, accuracy, correction and sharing of personal information, which was heightened
by the 2017 cybersecurity incident.",85,"The model answer accurately conveys that Equifax expected the cyber attack to potentially lead to changes in laws and regulations around their business. It correctly mentions increased public concern regarding the operation of credit reporting agencies and the handling of personal information after the 2017 incident. It also notes that legislative proposals were pending in response to the breach. However, the model answer goes into significantly more detail than the ground truth answer, adding extra context about public criticism, legal actions, compliance efforts, and potential penalties, which, while relevant, were not explicitly mentioned in the ground truth answer. Overall, the model answer is factually accurate and comprehensive but includes some extrapolations that go beyond the necessary information."
In what departments is Equifax having retention risks with key hires that affect operations?,"[9, 10, 11]",[25],"The text provided does not contain specific information about retention risks within Equifax or key hires that may affect operations. Therefore, the answer to the query ""In what departments is Equifax having retention risks with key hires that affect operations?"" is:
'no relevant information'

The text primarily covers details about Equifax's business segments, competition landscape, free consumer services post the cybersecurity incident, seasonality in revenue streams, technological aspects, intellectual property, and governmental regulations the company is subject to.","IT and security, which require specialized skills, such as maintenance of certain legacy computer systems, data security experts, and analytical modelers.",20,"The model answer fails to directly address the question asked about the retention risks with key hires affecting operations in Equifax. It erroneously states that there is 'no relevant information' about this issue and instead diverts to unrelated topics. The correct departments, IT and security, which require specialized skills such as data security experts, maintenance of legacy computer systems, and analytical modelers, are not mentioned at all. The model answer missed the factual essence of the ground truth answer and omitted critical details."
What is the address of Equifax's executive offices?,"[9, 10, 3]",[25],"The address of Equifax's executive office is not explicitly provided in the text chunks related to Equifax's 10K in 2018 after the 2017 security breach. Therefore, the specific address of Equifax's executive offices is not available in the information provided.","1550 Peachtree Street, N.W., Atlanta, Georgia",20,"The model answer does not provide the correct address of Equifax's executive offices, which is a crucial piece of fact for the question asked. Although it mentions that the address is not available in the provided text, it omits important information that could have been easily retrieved or should have stated it more accurately. Its failure to provide a correct or even approximate address results in a low score for factfulness."
